link,Date,Name
https://web.facebook.com/MMushtaqYusufzai/posts/776480149433378?comment_tracking=%7B%22tn%22%3A%22O%22%7D,before 20-sep-2019,Mushtaq
https://web.facebook.com/MMushtaqYusufzai/posts/776257929455600?comment_tracking=%7B%22tn%22%3A%22O%22%7D,before 20-sep-2019,Mushtaq
https://web.facebook.com/MMushtaqYusufzai/posts/777143709367022?comment_tracking=%7B%22tn%22%3A%22O%22%7D,before 20-sep-2019,Mushtaq
https://web.facebook.com/MMushtaqYusufzai/posts/777074392707287?comment_tracking=%7B%22tn%22%3A%22O%22%7D,before 20-sep-2019,Mushtaq
https://web.facebook.com/MMushtaqYusufzai/posts/777655872649139?comment_tracking=%7B%22tn%22%3A%22O%22%7D,before 20-sep-2019,Mushtaq
https://web.facebook.com/MMushtaqYusufzai/posts/777417202673006?comment_tracking=%7B%22tn%22%3A%22O%22%7D,before 20-sep-2019,Mushtaq
https://www.facebook.com/MMushtaqYusufzai/posts/777685362646190?comment_tracking=%7B%22tn%22%3A%22O%22%7D,before 20-sep-2019,Mushtaq
https://www.facebook.com/MMushtaqYusufzai/posts/777682372646489?comment_tracking=%7B%22tn%22%3A%22O%22%7D,before 20-sep-2019,Mushtaq
https://www.facebook.com/MMushtaqYusufzai/posts/778366082578118?comment_tracking=%7B%22tn%22%3A%22O%22%7D,before 20-sep-2019,Mushtaq
https://www.facebook.com/MMushtaqYusufzai/posts/778342369247156?comment_tracking=%7B%22tn%22%3A%22O%22%7D,before 20-sep-2019,Mushtaq
https://web.facebook.com/MMushtaqYusufzai/posts/781163052298421?comment_tracking=%7B%22tn%22%3A%22O%22%7D,before 20-sep-2019,Mushtaq
https://web.facebook.com/MMushtaqYusufzai/posts/781162202298506?comment_tracking=%7B%22tn%22%3A%22O%22%7D,before 20-sep-2019,Mushtaq
https://web.facebook.com/MMushtaqYusufzai/posts/787958081618918?comment_tracking=%7B%22tn%22%3A%22O%22%7D,before 20-sep-2019,Mushtaq
https://web.facebook.com/MMushtaqYusufzai/posts/787951828286210?comment_tracking=%7B%22tn%22%3A%22O%22%7D,before 20-sep-2019,Mushtaq
https://web.facebook.com/MMushtaqYusufzai/posts/788563151558411?comment_tracking=%7B%22tn%22%3A%22O%22%7D,before 20-sep-2019,Mushtaq
https://web.facebook.com/MMushtaqYusufzai/posts/788324771582249?comment_tracking=%7B%22tn%22%3A%22O%22%7D,before 20-sep-2019,Mushtaq
https://web.facebook.com/MMushtaqYusufzai/posts/789781591436567?comment_tracking=%7B%22tn%22%3A%22O%22%7D,before 20-sep-2019,Mushtaq
https://web.facebook.com/MMushtaqYusufzai/posts/789434744804585?comment_tracking=%7B%22tn%22%3A%22O%22%7D,before 20-sep-2019,Mushtaq
https://web.facebook.com/MMushtaqYusufzai/posts/790423228039070?comment_tracking=%7B%22tn%22%3A%22O%22%7D,before 20-sep-2019,Mushtaq
https://web.facebook.com/MMushtaqYusufzai/posts/790101064737953?comment_tracking=%7B%22tn%22%3A%22O%22%7D,before 20-sep-2019,Mushtaq
https://web.facebook.com/MMushtaqYusufzai/posts/792053441209382?comment_tracking=%7B%22tn%22%3A%22O%22%7D,before 20-sep-2019,Mushtaq
https://web.facebook.com/MMushtaqYusufzai/posts/792039561210770?comment_tracking=%7B%22tn%22%3A%22O%22%7D,before 20-sep-2019,Mushtaq
https://web.facebook.com/MMushtaqYusufzai/posts/797498707331522,before 20-sep-2019,Mushtaq
https://web.facebook.com/MMushtaqYusufzai/posts/796772727404120,before 20-sep-2019,Mushtaq
https://web.facebook.com/MMushtaqYusufzai/posts/798443647237028,before 20-sep-2019,Mushtaq
https://web.facebook.com/MMushtaqYusufzai/posts/802823333465726,before 20-sep-2019,Mushtaq
https://web.facebook.com/MMushtaqYusufzai/posts/802747046806688,before 20-sep-2019,Mushtaq
https://web.facebook.com/MMushtaqYusufzai/posts/803553286726064,before 20-sep-2019,Mushtaq
https://web.facebook.com/MMushtaqYusufzai/posts/803505160064210,before 20-sep-2019,Mushtaq
https://web.facebook.com/MMushtaqYusufzai/posts/804119986669394,before 20-sep-2019,Mushtaq
https://web.facebook.com/MMushtaqYusufzai/posts/805996213148438,before 20-sep-2019,Mushtaq
https://web.facebook.com/MMushtaqYusufzai/posts/805987779815948,before 20-sep-2019,Mushtaq
https://web.facebook.com/MMushtaqYusufzai/posts/806536226427770,before 20-sep-2019,Mushtaq
https://web.facebook.com/MMushtaqYusufzai/posts/806384563109603,before 20-sep-2019,Mushtaq
https://web.facebook.com/MMushtaqYusufzai/posts/806556446425748,before 20-sep-2019,Mushtaq
https://web.facebook.com/MMushtaqYusufzai/posts/807682819646444,before 20-sep-2019,Mushtaq
https://web.facebook.com/MMushtaqYusufzai/posts/807435456337847,before 20-sep-2019,Mushtaq
https://web.facebook.com/MMushtaqYusufzai/posts/808411552906904,before 20-sep-2019,Mushtaq
https://web.facebook.com/MMushtaqYusufzai/posts/808373542910705,before 20-sep-2019,Mushtaq
https://web.facebook.com/MMushtaqYusufzai/posts/808778766203516,before 20-sep-2019,Mushtaq
https://web.facebook.com/MMushtaqYusufzai/posts/808618599552866,before 20-sep-2019,Mushtaq
https://web.facebook.com/asif.mahmood.1671/posts/2237572433031199?comment_tracking=%7B%22tn%22%3A%22O%22%7D,before 20-sep-2019,Asif mehmood
https://web.facebook.com/asif.mahmood.1671/posts/2237489113039531?comment_tracking=%7B%22tn%22%3A%22O%22%7D,before 20-sep-2019,Asif mehmood
https://web.facebook.com/asif.mahmood.1671/posts/2246885185433257?comment_tracking=%7B%22tn%22%3A%22O%22%7D,before 20-sep-2019,Asif mehmood
https://web.facebook.com/asif.mahmood.1671/posts/2246769878778121?comment_tracking=%7B%22tn%22%3A%22O%22%7D,before 20-sep-2019,Asif mehmood
https://web.facebook.com/asif.mahmood.1671/posts/2250031848451924?comment_tracking=%7B%22tn%22%3A%22O%22%7D,before 20-sep-2019,Asif mehmood
https://web.facebook.com/asif.mahmood.1671/posts/2250003185121457?comment_tracking=%7B%22tn%22%3A%22O%22%7D,before 20-sep-2019,Asif mehmood
https://web.facebook.com/asif.mahmood.1671/posts/2251844868270622?comment_tracking=%7B%22tn%22%3A%22O%22%7D,before 20-sep-2019,Asif mehmood
https://web.facebook.com/asif.mahmood.1671/posts/2250914248363684?comment_tracking=%7B%22tn%22%3A%22O%22%7D,before 20-sep-2019,Asif mehmood
https://www.facebook.com/asif.mahmood.1671/posts/2253649971423445?comment_tracking=%7B%22tn%22%3A%22O%22%7D,before 20-sep-2019,Asif mehmood
https://www.facebook.com/asif.mahmood.1671/posts/2252016241586818?comment_tracking=%7B%22tn%22%3A%22O%22%7D,before 20-sep-2019,Asif mehmood
https://www.facebook.com/asif.mahmood.1671/posts/2253979864723789?comment_tracking=%7B%22tn%22%3A%22O%22%7D,before 20-sep-2019,Asif mehmood
https://web.facebook.com/asif.mahmood.1671/posts/2262733927181716?comment_tracking=%7B%22tn%22%3A%22O%22%7D,before 20-sep-2019,Asif mehmood
https://web.facebook.com/asif.mahmood.1671/posts/2261606170627825?comment_tracking=%7B%22tn%22%3A%22O%22%7D,before 20-sep-2019,Asif mehmood
https://web.facebook.com/asif.mahmood.1671/posts/2264704776984631?comment_tracking=%7B%22tn%22%3A%22O%22%7D,before 20-sep-2019,Asif mehmood
https://web.facebook.com/asif.mahmood.1671/posts/2264603013661474?comment_tracking=%7B%22tn%22%3A%22O%22%7D,before 20-sep-2019,Asif mehmood
https://web.facebook.com/asif.mahmood.1671/posts/2283759045079204?comment_tracking=%7B%22tn%22%3A%22O%22%7D,before 20-sep-2019,Asif mehmood
https://web.facebook.com/asif.mahmood.1671/posts/2282431668545275?comment_tracking=%7B%22tn%22%3A%22O%22%7D,before 20-sep-2019,Asif mehmood
https://web.facebook.com/asif.mahmood.1671/posts/2285721054883003?comment_tracking=%7B%22tn%22%3A%22O%22%7D,before 20-sep-2019,Asif mehmood
https://web.facebook.com/asif.mahmood.1671/posts/2284024001719375?comment_tracking=%7B%22tn%22%3A%22O%22%7D,before 20-sep-2019,Asif mehmood
https://web.facebook.com/asif.mahmood.1671/posts/2289610597827382?comment_tracking=%7B%22tn%22%3A%22O%22%7D,before 20-sep-2019,Asif mehmood
https://web.facebook.com/asif.mahmood.1671/posts/2286144841507291?comment_tracking=%7B%22tn%22%3A%22O%22%7D,before 20-sep-2019,Asif mehmood
https://web.facebook.com/asif.mahmood.1671/posts/2291754007613041?comment_tracking=%7B%22tn%22%3A%22O%22%7D,before 20-sep-2019,Asif mehmood
https://web.facebook.com/asif.mahmood.1671/posts/2296439953811113?comment_tracking=%7B%22tn%22%3A%22O%22%7D,before 20-sep-2019,Asif mehmood
https://web.facebook.com/asif.mahmood.1671/posts/2296025963852512?comment_tracking=%7B%22tn%22%3A%22O%22%7D,before 20-sep-2019,Asif mehmood
https://web.facebook.com/asif.mahmood.1671/posts/2313023738819401,before 20-sep-2019,Asif mehmood
https://web.facebook.com/asif.mahmood.1671/posts/2311954862259622,before 20-sep-2019,Asif mehmood
https://web.facebook.com/asif.mahmood.1671/posts/2315920151863093,before 20-sep-2019,Asif mehmood
https://web.facebook.com/asif.mahmood.1671/posts/2315605165227925,before 20-sep-2019,Asif mehmood
https://web.facebook.com/asif.mahmood.1671/posts/2319270578194717,before 20-sep-2019,Asif mehmood
https://web.facebook.com/asif.mahmood.1671/posts/2330611140393994,before 20-sep-2019,Asif mehmood
https://web.facebook.com/asif.mahmood.1671/posts/2329055817216193,before 20-sep-2019,Asif mehmood
https://web.facebook.com/asif.mahmood.1671/posts/2332578966863878,before 20-sep-2019,Asif mehmood
https://web.facebook.com/asif.mahmood.1671/posts/2331080400347068,before 20-sep-2019,Asif mehmood
https://web.facebook.com/asif.mahmood.1671/posts/2335054353283006,before 20-sep-2019,Asif mehmood
https://web.facebook.com/asif.mahmood.1671/posts/2341417632646678,before 20-sep-2019,Asif mehmood
https://web.facebook.com/asif.mahmood.1671/posts/2341611239293984,before 20-sep-2019,Asif mehmood
https://web.facebook.com/asif.mahmood.1671/posts/2343627139092394,before 20-sep-2019,Asif mehmood
https://web.facebook.com/asif.mahmood.1671/posts/2342503072538134,before 20-sep-2019,Asif mehmood
https://web.facebook.com/asif.mahmood.1671/posts/2345093612279080,before 20-sep-2019,Asif mehmood
https://web.facebook.com/asif.mahmood.1671/posts/2344783178976790,before 20-sep-2019,Asif mehmood
https://web.facebook.com/asif.mahmood.1671/posts/2346750408780067,before 20-sep-2019,Asif mehmood
https://web.facebook.com/asif.mahmood.1671/posts/2346373742151067,before 20-sep-2019,Asif mehmood
https://web.facebook.com/asif.mahmood.1671/posts/2348537248601383,before 20-sep-2019,Asif mehmood
https://web.facebook.com/asif.mahmood.1671/posts/2347178268737281,before 20-sep-2019,Asif mehmood
https://web.facebook.com/asif.mahmood.1671/posts/2351466901641751,before 20-sep-2019,Asif mehmood
https://web.facebook.com/asif.mahmood.1671/posts/2349797828475325,before 20-sep-2019,Asif mehmood
https://web.facebook.com/zahid.mughal.5895/posts/2359041790855882?comment_tracking=%7B%22tn%22%3A%22O%22%7D,before 20-sep-2019,Zahid mughal
https://web.facebook.com/zahid.mughal.5895/posts/2368545076572220?comment_tracking=%7B%22tn%22%3A%22O%22%7D,before 20-sep-2019,Zahid mughal
https://web.facebook.com/zahid.mughal.5895/posts/2367871679972893?comment_tracking=%7B%22tn%22%3A%22O%22%7D,before 20-sep-2019,Zahid mughal
https://web.facebook.com/zahid.mughal.5895/posts/2369739216452806?comment_tracking=%7B%22tn%22%3A%22O%22%7D,before 20-sep-2019,Zahid mughal
https://web.facebook.com/zahid.mughal.5895/posts/2370497893043605?comment_tracking=%7B%22tn%22%3A%22O%22%7D,before 20-sep-2019,Zahid mughal
https://www.facebook.com/zahid.mughal.5895/posts/2370497893043605?comment_tracking=%7B%22tn%22%3A%22O%22%7D,before 20-sep-2019,Zahid mughal
https://www.facebook.com/zahid.mughal.5895/posts/2369739216452806?comment_tracking=%7B%22tn%22%3A%22O%22%7D,before 20-sep-2019,Zahid mughal
https://web.facebook.com/zahid.mughal.5895/posts/2382059245220803?comment_tracking=%7B%22tn%22%3A%22O%22%7D,before 20-sep-2019,Zahid mughal
https://web.facebook.com/zahid.mughal.5895/posts/2379690868790974?comment_tracking=%7B%22tn%22%3A%22O%22%7D,before 20-sep-2019,Zahid mughal
https://web.facebook.com/zahid.mughal.5895/posts/2383825228377538?comment_tracking=%7B%22tn%22%3A%22O%22%7D,before 20-sep-2019,Zahid mughal
https://web.facebook.com/zahid.mughal.5895/posts/2400347380058656?comment_tracking=%7B%22tn%22%3A%22O%22%7D,before 20-sep-2019,Zahid mughal
https://web.facebook.com/zahid.mughal.5895/posts/2400188453407882?comment_tracking=%7B%22tn%22%3A%22O%22%7D,before 20-sep-2019,Zahid mughal
https://web.facebook.com/zahid.mughal.5895/posts/2401942456565815?comment_tracking=%7B%22tn%22%3A%22O%22%7D,before 20-sep-2019,Zahid mughal
https://web.facebook.com/zahid.mughal.5895/posts/2403822556377805?comment_tracking=%7B%22tn%22%3A%22O%22%7D,before 20-sep-2019,Zahid mughal
https://web.facebook.com/zahid.mughal.5895/posts/2407377722688955?comment_tracking=%7B%22tn%22%3A%22O%22%7D,before 20-sep-2019,Zahid mughal
https://web.facebook.com/zahid.mughal.5895/posts/2411898805570180?comment_tracking=%7B%22tn%22%3A%22O%22%7D,before 20-sep-2019,Zahid mughal
https://web.facebook.com/zahid.mughal.5895/posts/2411875252239202?comment_tracking=%7B%22tn%22%3A%22O%22%7D,before 20-sep-2019,Zahid mughal
https://web.facebook.com/zahid.mughal.5895/posts/2425857214174339,before 20-sep-2019,Zahid mughal
https://web.facebook.com/zahid.mughal.5895/posts/2442192475874146,before 20-sep-2019,Zahid mughal
https://web.facebook.com/zahid.mughal.5895/posts/2441293899297337,before 20-sep-2019,Zahid mughal
https://web.facebook.com/zahid.mughal.5895/posts/2443107722449288,before 20-sep-2019,Zahid mughal
https://web.facebook.com/zahid.mughal.5895/posts/2442915552468505,before 20-sep-2019,Zahid mughal
https://web.facebook.com/zahid.mughal.5895/posts/2444410628985664,before 20-sep-2019,Zahid mughal
https://web.facebook.com/zahid.mughal.5895/posts/2450508828375844,before 20-sep-2019,Zahid mughal
https://web.facebook.com/zahid.mughal.5895/posts/2449563268470400,before 20-sep-2019,Zahid mughal
https://web.facebook.com/zahid.mughal.5895/posts/2448717598554967,before 20-sep-2019,Zahid mughal
https://web.facebook.com/zahid.mughal.5895/posts/2452483391511721,before 20-sep-2019,Zahid mughal
https://web.facebook.com/zahid.mughal.5895/posts/2452367578189969,before 20-sep-2019,Zahid mughal
https://web.facebook.com/zahid.mughal.5895/posts/2454226831337377,before 20-sep-2019,Zahid mughal
https://web.facebook.com/zahid.mughal.5895/posts/2453950664698327,before 20-sep-2019,Zahid mughal
https://web.facebook.com/zahid.mughal.5895/posts/2455056837921043,before 20-sep-2019,Zahid mughal
https://web.facebook.com/zahid.mughal.5895/posts/2456077344485659,before 20-sep-2019,Zahid mughal
https://web.facebook.com/zahid.mughal.5895/posts/2455779217848805,before 20-sep-2019,Zahid mughal
https://web.facebook.com/zahid.mughal.5895/posts/2458339430926117,before 20-sep-2019,Zahid mughal
https://web.facebook.com/zahid.mughal.5895/posts/2458078950952165,before 20-sep-2019,Zahid mughal
https://web.facebook.com/mohammad.f.haris/posts/10157887911124903?comment_tracking=%7B%22tn%22%3A%22O%22%7D,before 20-sep-2019,Mohammad Fahad Haris
https://web.facebook.com/mohammad.f.haris/posts/10157901485614903?comment_tracking=%7B%22tn%22%3A%22O%22%7D,before 20-sep-2019,Mohammad Fahad Haris
https://web.facebook.com/mohammad.f.haris/posts/10157895677854903?comment_tracking=%7B%22tn%22%3A%22O%22%7D,before 20-sep-2019,Mohammad Fahad Haris
https://web.facebook.com/mohammad.f.haris/posts/10157904804159903?comment_tracking=%7B%22tn%22%3A%22O%22%7D,before 20-sep-2019,Mohammad Fahad Haris
https://www.facebook.com/mohammad.f.haris/posts/10157911276144903?comment_tracking=%7B%22tn%22%3A%22O%22%7D,before 20-sep-2019,Mohammad Fahad Haris
https://www.facebook.com/mohammad.f.haris/posts/10157904804159903?comment_tracking=%7B%22tn%22%3A%22O%22%7D,before 20-sep-2019,Mohammad Fahad Haris
https://web.facebook.com/mohammad.f.haris/posts/10157926111779903?comment_tracking=%7B%22tn%22%3A%22O%22%7D,before 20-sep-2019,Mohammad Fahad Haris
https://web.facebook.com/mohammad.f.haris/posts/10157919100059903?comment_tracking=%7B%22tn%22%3A%22O%22%7D,before 20-sep-2019,Mohammad Fahad Haris
https://web.facebook.com/mohammad.f.haris/posts/10157927705579903?comment_tracking=%7B%22tn%22%3A%22O%22%7D,before 20-sep-2019,Mohammad Fahad Haris
https://web.facebook.com/mohammad.f.haris/posts/10157926859569903?comment_tracking=%7B%22tn%22%3A%22O%22%7D,before 20-sep-2019,Mohammad Fahad Haris
https://web.facebook.com/mohammad.f.haris/posts/10157957793074903?comment_tracking=%7B%22tn%22%3A%22O%22%7D,before 20-sep-2019,Mohammad Fahad Haris
https://web.facebook.com/mohammad.f.haris/posts/10157956653409903?comment_tracking=%7B%22tn%22%3A%22O%22%7D,before 20-sep-2019,Mohammad Fahad Haris
https://web.facebook.com/mohammad.f.haris/posts/10157965811069903?comment_tracking=%7B%22tn%22%3A%22O%22%7D,before 20-sep-2019,Mohammad Fahad Haris
https://web.facebook.com/mohammad.f.haris/posts/10157963824149903?comment_tracking=%7B%22tn%22%3A%22O%22%7D,before 20-sep-2019,Mohammad Fahad Haris
https://web.facebook.com/mohammad.f.haris/posts/10157975119394903?comment_tracking=%7B%22tn%22%3A%22O%22%7D,before 20-sep-2019,Mohammad Fahad Haris
https://web.facebook.com/mohammad.f.haris/posts/10157969397964903?comment_tracking=%7B%22tn%22%3A%22O%22%7D,before 20-sep-2019,Mohammad Fahad Haris
https://web.facebook.com/mohammad.f.haris/posts/10157999835819903,before 20-sep-2019,Mohammad Fahad Haris
https://web.facebook.com/mohammad.f.haris/posts/10157997682434903,before 20-sep-2019,Mohammad Fahad Haris
https://web.facebook.com/mohammad.f.haris/posts/10158005476094903,before 20-sep-2019,Mohammad Fahad Haris
https://web.facebook.com/mohammad.f.haris/posts/10158003186554903,before 20-sep-2019,Mohammad Fahad Haris
https://web.facebook.com/mohammad.f.haris/posts/10158006765404903,before 20-sep-2019,Mohammad Fahad Haris
https://web.facebook.com/mohammad.f.haris/posts/10158022508434903,before 20-sep-2019,Mohammad Fahad Haris
https://web.facebook.com/mohammad.f.haris/posts/10158021947399903,before 20-sep-2019,Mohammad Fahad Haris
https://web.facebook.com/mohammad.f.haris/posts/10158025323984903,before 20-sep-2019,Mohammad Fahad Haris
https://web.facebook.com/mohammad.f.haris/posts/10158024044344903,before 20-sep-2019,Mohammad Fahad Haris
https://web.facebook.com/mohammad.f.haris/posts/10158027878909903,before 20-sep-2019,Mohammad Fahad Haris
https://web.facebook.com/mohammad.f.haris/posts/10158026997554903,before 20-sep-2019,Mohammad Fahad Haris
https://web.facebook.com/mohammad.f.haris/posts/10158036570579903,before 20-sep-2019,Mohammad Fahad Haris
https://web.facebook.com/mohammad.f.haris/posts/10158034817729903,before 20-sep-2019,Mohammad Fahad Haris
https://web.facebook.com/mohammad.f.haris/posts/10158040017189903,before 20-sep-2019,Mohammad Fahad Haris
https://web.facebook.com/mohammad.f.haris/posts/10158040002364903,before 20-sep-2019,Mohammad Fahad Haris
https://web.facebook.com/mohammad.f.haris/posts/10158044961099903,before 20-sep-2019,Mohammad Fahad Haris
https://web.facebook.com/mohammad.f.haris/posts/10158043805084903,before 20-sep-2019,Mohammad Fahad Haris
https://web.facebook.com/mohammad.f.haris/posts/10158047594139903,before 20-sep-2019,Mohammad Fahad Haris
https://web.facebook.com/abdullah.adam49/posts/548846708956209?comment_tracking=%7B%22tn%22%3A%22O%22%7D,before 20-sep-2019,Abdullah Adam
https://web.facebook.com/abdullah.adam49/posts/548322309008649?comment_tracking=%7B%22tn%22%3A%22O%22%7D,before 20-sep-2019,Abdullah Adam
https://www.facebook.com/abdullah.adam49/posts/548846708956209?comment_tracking=%7B%22tn%22%3A%22O%22%7D,before 20-sep-2019,Abdullah Adam
https://www.facebook.com/abdullah.adam49/posts/548322309008649?comment_tracking=%7B%22tn%22%3A%22O%22%7D,before 20-sep-2019,Abdullah Adam
https://web.facebook.com/abdullah.adam49/posts/647418462432366?comment_tracking=%7B%22tn%22%3A%22O%22%7D,before 20-sep-2019,Abdullah Adam
https://web.facebook.com/abdullah.adam49/posts/645725502601662?comment_tracking=%7B%22tn%22%3A%22O%22%7D,before 20-sep-2019,Abdullah Adam
https://web.facebook.com/abdullah.adam49/posts/649432985564247?comment_tracking=%7B%22tn%22%3A%22O%22%7D,before 20-sep-2019,Abdullah Adam
https://web.facebook.com/abdullah.adam49/posts/648812668959612?comment_tracking=%7B%22tn%22%3A%22O%22%7D,before 20-sep-2019,Abdullah Adam
https://web.facebook.com/abdullah.adam49/posts/651436722030540?comment_tracking=%7B%22tn%22%3A%22O%22%7D,before 20-sep-2019,Abdullah Adam
https://web.facebook.com/abdullah.adam49/posts/656190364888509,before 20-sep-2019,Abdullah Adam
https://web.facebook.com/abdullah.adam49/posts/656121484895397,before 20-sep-2019,Abdullah Adam
https://web.facebook.com/abdullah.adam49/posts/658326898008189,before 20-sep-2019,Abdullah Adam
https://web.facebook.com/abdullah.adam49/posts/658190838021795,before 20-sep-2019,Abdullah Adam
https://web.facebook.com/abdullah.adam49/posts/659027721271440,before 20-sep-2019,Abdullah Adam
https://web.facebook.com/abdullah.adam49/posts/660326711141541,before 20-sep-2019,Abdullah Adam
https://web.facebook.com/abdullah.adam49/posts/663714874136058,before 20-sep-2019,Abdullah Adam
https://web.facebook.com/abdullah.adam49/posts/663553384152207,before 20-sep-2019,Abdullah Adam
https://web.facebook.com/abdullah.adam49/posts/665664433941102,before 20-sep-2019,Abdullah Adam
https://web.facebook.com/abdullah.adam49/posts/665525320621680,before 20-sep-2019,Abdullah Adam
https://web.facebook.com/abdullah.adam49/posts/667454777095401,before 20-sep-2019,Abdullah Adam
https://web.facebook.com/hm.zubair.52/posts/2860235974006149?comment_tracking=%7B%22tn%22%3A%22O%22%7D,before 20-sep-2019,Hm Zubair
https://web.facebook.com/hm.zubair.52/posts/2858135874216159?comment_tracking=%7B%22tn%22%3A%22O%22%7D,before 20-sep-2019,Hm Zubair
https://web.facebook.com/hm.zubair.52/posts/2862096710486742?comment_tracking=%7B%22tn%22%3A%22O%22%7D,before 20-sep-2019,Hm Zubair
https://web.facebook.com/hm.zubair.52/posts/2863650216998058?comment_tracking=%7B%22tn%22%3A%22O%22%7D,before 20-sep-2019,Hm Zubair
https://www.facebook.com/hm.zubair.52/posts/2863650216998058?comment_tracking=%7B%22tn%22%3A%22O%22%7D,before 20-sep-2019,Hm Zubair
https://www.facebook.com/hm.zubair.52/posts/2862096710486742?comment_tracking=%7B%22tn%22%3A%22O%22%7D,before 20-sep-2019,Hm Zubair
https://web.facebook.com/hm.zubair.52/posts/2875217202508026?comment_tracking=%7B%22tn%22%3A%22O%22%7D,before 20-sep-2019,Hm Zubair
https://web.facebook.com/hm.zubair.52/posts/2870347226328357?comment_tracking=%7B%22tn%22%3A%22O%22%7D,before 20-sep-2019,Hm Zubair
https://web.facebook.com/hm.zubair.52/posts/2876841539012259?comment_tracking=%7B%22tn%22%3A%22O%22%7D,before 20-sep-2019,Hm Zubair
https://web.facebook.com/hm.zubair.52/posts/2881651571864589?comment_tracking=%7B%22tn%22%3A%22O%22%7D,before 20-sep-2019,Hm Zubair
https://web.facebook.com/hm.zubair.52/posts/2881572661872480?comment_tracking=%7B%22tn%22%3A%22O%22%7D,before 20-sep-2019,Hm Zubair
https://web.facebook.com/hm.zubair.52/posts/2902317579797988?comment_tracking=%7B%22tn%22%3A%22O%22%7D,before 20-sep-2019,Hm Zubair
https://web.facebook.com/hm.zubair.52/posts/2900552116641201?comment_tracking=%7B%22tn%22%3A%22O%22%7D,before 20-sep-2019,Hm Zubair
https://web.facebook.com/hm.zubair.52/posts/2906516152711464?comment_tracking=%7B%22tn%22%3A%22O%22%7D,before 20-sep-2019,Hm Zubair
https://web.facebook.com/hm.zubair.52/posts/2905293632833716?comment_tracking=%7B%22tn%22%3A%22O%22%7D,before 20-sep-2019,Hm Zubair
https://web.facebook.com/hm.zubair.52/posts/2924559547573791,before 20-sep-2019,Hm Zubair
https://web.facebook.com/hm.zubair.52/posts/2916741275022285,before 20-sep-2019,Hm Zubair
https://web.facebook.com/hm.zubair.52/posts/2930842880278791,before 20-sep-2019,Hm Zubair
https://web.facebook.com/hm.zubair.52/posts/2928585953837817,before 20-sep-2019,Hm Zubair
https://web.facebook.com/hm.zubair.52/posts/2942844472411965,before 20-sep-2019,Hm Zubair
https://web.facebook.com/hm.zubair.52/posts/2940868645942881,before 20-sep-2019,Hm Zubair
https://web.facebook.com/hm.zubair.52/posts/2949382818424797,before 20-sep-2019,Hm Zubair
https://web.facebook.com/hm.zubair.52/posts/2953228661373546,before 20-sep-2019,Hm Zubair
https://web.facebook.com/abumaryam82/posts/10215119757814313?comment_tracking=%7B%22tn%22%3A%22O%22%7D,before 20-sep-2019,Muhammad Imran
https://web.facebook.com/abumaryam82/posts/10215157211870641?comment_tracking=%7B%22tn%22%3A%22O%22%7D,before 20-sep-2019,Muhammad Imran
https://web.facebook.com/abumaryam82/posts/10215164695017715?comment_tracking=%7B%22tn%22%3A%22O%22%7D,before 20-sep-2019,Muhammad Imran
https://web.facebook.com/abumaryam82/posts/10215168049821583?comment_tracking=%7B%22tn%22%3A%22O%22%7D,before 20-sep-2019,Muhammad Imran
https://web.facebook.com/abumaryam82/posts/10215167941778882?comment_tracking=%7B%22tn%22%3A%22O%22%7D,before 20-sep-2019,Muhammad Imran
https://www.facebook.com/abumaryam82/posts/10215177608260538?comment_tracking=%7B%22tn%22%3A%22O%22%7D,before 20-sep-2019,Muhammad Imran
https://www.facebook.com/abumaryam82/posts/10215177601660373?comment_tracking=%7B%22tn%22%3A%22O%22%7D,before 20-sep-2019,Muhammad Imran
https://www.facebook.com/abumaryam82/posts/10215178195875228?comment_tracking=%7B%22tn%22%3A%22O%22%7D,before 20-sep-2019,Muhammad Imran
https://www.facebook.com/abumaryam82/posts/10215178169874578?comment_tracking=%7B%22tn%22%3A%22O%22%7D,before 20-sep-2019,Muhammad Imran
https://web.facebook.com/abumaryam82/posts/10215209211770606?comment_tracking=%7B%22tn%22%3A%22O%22%7D,before 20-sep-2019,Muhammad Imran
https://web.facebook.com/abumaryam82/posts/10215216070102060?comment_tracking=%7B%22tn%22%3A%22O%22%7D,before 20-sep-2019,Muhammad Imran
https://web.facebook.com/abumaryam82/posts/10215286080692281?comment_tracking=%7B%22tn%22%3A%22O%22%7D,before 20-sep-2019,Muhammad Imran
https://web.facebook.com/abumaryam82/posts/10215298220635772?comment_tracking=%7B%22tn%22%3A%22O%22%7D,before 20-sep-2019,Muhammad Imran
https://web.facebook.com/abumaryam82/posts/10215298213515594?comment_tracking=%7B%22tn%22%3A%22O%22%7D,before 20-sep-2019,Muhammad Imran
https://web.facebook.com/abumaryam82/posts/10215305290892524?comment_tracking=%7B%22tn%22%3A%22O%22%7D,before 20-sep-2019,Muhammad Imran
https://web.facebook.com/abumaryam82/posts/10215378110752975,before 20-sep-2019,Muhammad Imran
https://web.facebook.com/abumaryam82/posts/10215394519323179,before 20-sep-2019,Muhammad Imran
https://web.facebook.com/abumaryam82/posts/10215394235036072,before 20-sep-2019,Muhammad Imran
https://web.facebook.com/abumaryam82/posts/10215434716368080,before 20-sep-2019,Muhammad Imran
https://web.facebook.com/abumaryam82/posts/10215440910202922,before 20-sep-2019,Muhammad Imran
https://web.facebook.com/abumaryam82/posts/10215439704452779,before 20-sep-2019,Muhammad Imran
https://web.facebook.com/abumaryam82/posts/10215446981794708,before 20-sep-2019,Muhammad Imran
https://web.facebook.com/abumaryam82/posts/10215443817515603,before 20-sep-2019,Muhammad Imran
https://web.facebook.com/abumaryam82/posts/10215464695717545,before 20-sep-2019,Muhammad Imran
https://web.facebook.com/abumaryam82/posts/10215463434886025,before 20-sep-2019,Muhammad Imran
https://web.facebook.com/abumaryam82/posts/10215471994900020,before 20-sep-2019,Muhammad Imran
https://web.facebook.com/abumaryam82/posts/10215478410500406,before 20-sep-2019,Muhammad Imran
https://web.facebook.com/munib.hussain86/posts/652459558586117?comment_tracking=%7B%22tn%22%3A%22O%22%7D,before 20-sep-2019,Munib Hussain
https://web.facebook.com/munib.hussain86/posts/655953888236684?comment_tracking=%7B%22tn%22%3A%22O%22%7D,before 20-sep-2019,Munib Hussain
https://web.facebook.com/munib.hussain86/posts/656815274817212?comment_tracking=%7B%22tn%22%3A%22O%22%7D,before 20-sep-2019,Munib Hussain
https://www.facebook.com/munib.hussain86/posts/656830238149049?comment_tracking=%7B%22tn%22%3A%22O%22%7D,before 20-sep-2019,Munib Hussain
https://www.facebook.com/munib.hussain86/posts/656815274817212?comment_tracking=%7B%22tn%22%3A%22O%22%7D,before 20-sep-2019,Munib Hussain
https://web.facebook.com/munib.hussain86/posts/660394591125947?comment_tracking=%7B%22tn%22%3A%22O%22%7D,before 20-sep-2019,Munib Hussain
https://web.facebook.com/munib.hussain86/posts/660380017794071?comment_tracking=%7B%22tn%22%3A%22O%22%7D,before 20-sep-2019,Munib Hussain
https://web.facebook.com/munib.hussain86/posts/660370407795032?comment_tracking=%7B%22tn%22%3A%22O%22%7D,before 20-sep-2019,Munib Hussain
https://web.facebook.com/munib.hussain86/posts/666213170544089?comment_tracking=%7B%22tn%22%3A%22O%22%7D,before 20-sep-2019,Munib Hussain
https://web.facebook.com/munib.hussain86/posts/666984293800310?comment_tracking=%7B%22tn%22%3A%22O%22%7D,before 20-sep-2019,Munib Hussain
https://web.facebook.com/munib.hussain86/posts/667571773741562?comment_tracking=%7B%22tn%22%3A%22O%22%7D,before 20-sep-2019,Munib Hussain
https://web.facebook.com/munib.hussain86/posts/671136633385076?comment_tracking=%7B%22tn%22%3A%22O%22%7D,before 20-sep-2019,Munib Hussain
https://web.facebook.com/munib.hussain86/posts/675206806311392,before 20-sep-2019,Munib Hussain
https://web.facebook.com/munib.hussain86/posts/677362592762480,before 20-sep-2019,Munib Hussain
https://web.facebook.com/munib.hussain86/posts/680100459155360,before 20-sep-2019,Munib Hussain
https://web.facebook.com/munib.hussain86/posts/685412255290847,before 20-sep-2019,Munib Hussain
https://web.facebook.com/munib.hussain86/posts/685006681998071,before 20-sep-2019,Munib Hussain
https://web.facebook.com/jameelbaloch1924/posts/465146507601974?comment_tracking=%7B%22tn%22%3A%22O%22%7D,before 20-sep-2019,Jameel Baloch
https://web.facebook.com/jameelbaloch1924/posts/464936054289686?comment_tracking=%7B%22tn%22%3A%22O%22%7D,before 20-sep-2019,Jameel Baloch
https://web.facebook.com/jameelbaloch1924/posts/468037860646172?comment_tracking=%7B%22tn%22%3A%22O%22%7D,before 20-sep-2019,Jameel Baloch
https://web.facebook.com/jameelbaloch1924/posts/468032043980087?comment_tracking=%7B%22tn%22%3A%22O%22%7D,before 20-sep-2019,Jameel Baloch
https://web.facebook.com/jameelbaloch1924/posts/468623830587575?comment_tracking=%7B%22tn%22%3A%22O%22%7D,before 20-sep-2019,Jameel Baloch
https://web.facebook.com/jameelbaloch1924/posts/468575117259113?comment_tracking=%7B%22tn%22%3A%22O%22%7D,before 20-sep-2019,Jameel Baloch
https://www.facebook.com/jameelbaloch1924/posts/468953747221250?comment_tracking=%7B%22tn%22%3A%22O%22%7D,before 20-sep-2019,Jameel Baloch
https://web.facebook.com/jameelbaloch1924/posts/472558350194123?comment_tracking=%7B%22tn%22%3A%22O%22%7D,before 20-sep-2019,Jameel Baloch
https://web.facebook.com/jameelbaloch1924/posts/472288296887795?comment_tracking=%7B%22tn%22%3A%22O%22%7D,before 20-sep-2019,Jameel Baloch
https://web.facebook.com/jameelbaloch1924/posts/472802196836405?comment_tracking=%7B%22tn%22%3A%22O%22%7D,before 20-sep-2019,Jameel Baloch
https://web.facebook.com/jameelbaloch1924/posts/472733950176563?comment_tracking=%7B%22tn%22%3A%22O%22%7D,before 20-sep-2019,Jameel Baloch
https://web.facebook.com/jameelbaloch1924/posts/478660702917221?comment_tracking=%7B%22tn%22%3A%22O%22%7D,before 20-sep-2019,Jameel Baloch
https://web.facebook.com/jameelbaloch1924/posts/478601366256488?comment_tracking=%7B%22tn%22%3A%22O%22%7D,before 20-sep-2019,Jameel Baloch
https://web.facebook.com/jameelbaloch1924/posts/479427929507165?comment_tracking=%7B%22tn%22%3A%22O%22%7D,before 20-sep-2019,Jameel Baloch
https://web.facebook.com/jameelbaloch1924/posts/480410882742203?comment_tracking=%7B%22tn%22%3A%22O%22%7D,before 20-sep-2019,Jameel Baloch
https://web.facebook.com/jameelbaloch1924/posts/480398146076810?comment_tracking=%7B%22tn%22%3A%22O%22%7D,before 20-sep-2019,Jameel Baloch
https://web.facebook.com/jameelbaloch1924/posts/481017336014891?comment_tracking=%7B%22tn%22%3A%22O%22%7D,before 20-sep-2019,Jameel Baloch
https://web.facebook.com/jameelbaloch1924/posts/480976082685683?comment_tracking=%7B%22tn%22%3A%22O%22%7D,before 20-sep-2019,Jameel Baloch
https://web.facebook.com/jameelbaloch1924/posts/482843302498961?comment_tracking=%7B%22tn%22%3A%22O%22%7D,before 20-sep-2019,Jameel Baloch
https://web.facebook.com/jameelbaloch1924/posts/482742329175725?comment_tracking=%7B%22tn%22%3A%22O%22%7D,before 20-sep-2019,Jameel Baloch
https://web.facebook.com/jameelbaloch1924/posts/487828322000459,before 20-sep-2019,Jameel Baloch
https://web.facebook.com/jameelbaloch1924/posts/487540932029198,before 20-sep-2019,Jameel Baloch
https://web.facebook.com/jameelbaloch1924/posts/486849938764964,before 20-sep-2019,Jameel Baloch
https://web.facebook.com/jameelbaloch1924/posts/486064872176804,before 20-sep-2019,Jameel Baloch
https://web.facebook.com/jameelbaloch1924/posts/485883192194972,before 20-sep-2019,Jameel Baloch
https://web.facebook.com/jameelbaloch1924/posts/488801605236464,before 20-sep-2019,Jameel Baloch
https://web.facebook.com/jameelbaloch1924/posts/488783811904910,before 20-sep-2019,Jameel Baloch
https://web.facebook.com/jameelbaloch1924/posts/489318268518131,before 20-sep-2019,Jameel Baloch
https://web.facebook.com/jameelbaloch1924/posts/492925221490769,before 20-sep-2019,Jameel Baloch
https://web.facebook.com/jameelbaloch1924/posts/492677521515539,before 20-sep-2019,Jameel Baloch
https://web.facebook.com/jameelbaloch1924/posts/493598451423446,before 20-sep-2019,Jameel Baloch
https://web.facebook.com/jameelbaloch1924/posts/493567038093254,before 20-sep-2019,Jameel Baloch
https://web.facebook.com/jameelbaloch1924/posts/493958644720760,before 20-sep-2019,Jameel Baloch
https://web.facebook.com/jameelbaloch1924/posts/494234041359887,before 20-sep-2019,Jameel Baloch
https://web.facebook.com/jameelbaloch1924/posts/495879931195298,before 20-sep-2019,Jameel Baloch
https://web.facebook.com/jameelbaloch1924/posts/495805954536029,before 20-sep-2019,Jameel Baloch
https://web.facebook.com/jameelbaloch1924/posts/496281207821837,before 20-sep-2019,Jameel Baloch
https://web.facebook.com/jameelbaloch1924/posts/496243824492242,before 20-sep-2019,Jameel Baloch
https://web.facebook.com/jameelbaloch1924/posts/496727464443878,before 20-sep-2019,Jameel Baloch
https://web.facebook.com/jameelbaloch1924/posts/496495691133722,before 20-sep-2019,Jameel Baloch
https://web.facebook.com/jameelbaloch1924/posts/497178124398812,before 20-sep-2019,Jameel Baloch
https://web.facebook.com/jameelbaloch1924/posts/497020217747936,before 20-sep-2019,Jameel Baloch
https://web.facebook.com/jameelbaloch1924/posts/497576811025610,before 20-sep-2019,Jameel Baloch
https://web.facebook.com/jameelbaloch1924/posts/497439857705972,before 20-sep-2019,Jameel Baloch
https://web.facebook.com/jameelbaloch1924/posts/498090287640929,before 20-sep-2019,Jameel Baloch
https://web.facebook.com/jameelbaloch1924/posts/498512164265408,before 20-sep-2019,Jameel Baloch
https://web.facebook.com/jameelbaloch1924/posts/498421694274455,before 20-sep-2019,Jameel Baloch
https://web.facebook.com/theguided1/posts/10211138440137343?comment_tracking=%7B%22tn%22%3A%22O%22%7D,before 20-sep-2019,Rizwan Asad Khan
https://web.facebook.com/theguided1/posts/10211137864682957?comment_tracking=%7B%22tn%22%3A%22O%22%7D,before 20-sep-2019,Rizwan Asad Khan
https://web.facebook.com/theguided1/posts/10211146391616125?comment_tracking=%7B%22tn%22%3A%22O%22%7D,before 20-sep-2019,Rizwan Asad Khan
https://web.facebook.com/theguided1/posts/10211148912039134?comment_tracking=%7B%22tn%22%3A%22O%22%7D,before 20-sep-2019,Rizwan Asad Khan
https://www.facebook.com/theguided1/posts/10211153434552194?comment_tracking=%7B%22tn%22%3A%22O%22%7D,before 20-sep-2019,Rizwan Asad Khan
https://www.facebook.com/theguided1/posts/10211152993221161?comment_tracking=%7B%22tn%22%3A%22O%22%7D,before 20-sep-2019,Rizwan Asad Khan
https://web.facebook.com/theguided1/posts/10211181578175767?comment_tracking=%7B%22tn%22%3A%22O%22%7D,before 20-sep-2019,Rizwan Asad Khan
https://web.facebook.com/theguided1/posts/10211179966415474?comment_tracking=%7B%22tn%22%3A%22O%22%7D,before 20-sep-2019,Rizwan Asad Khan
https://web.facebook.com/theguided1/posts/10211186801146338?comment_tracking=%7B%22tn%22%3A%22O%22%7D,before 20-sep-2019,Rizwan Asad Khan
https://web.facebook.com/theguided1/posts/10211236601711321?comment_tracking=%7B%22tn%22%3A%22O%22%7D,before 20-sep-2019,Rizwan Asad Khan
https://web.facebook.com/theguided1/posts/10211234185690922?comment_tracking=%7B%22tn%22%3A%22O%22%7D,before 20-sep-2019,Rizwan Asad Khan
https://web.facebook.com/theguided1/posts/10211241759200255?comment_tracking=%7B%22tn%22%3A%22O%22%7D,before 20-sep-2019,Rizwan Asad Khan
https://web.facebook.com/theguided1/posts/10211241069703018?comment_tracking=%7B%22tn%22%3A%22O%22%7D,before 20-sep-2019,Rizwan Asad Khan
https://web.facebook.com/theguided1/posts/10211250559940268?comment_tracking=%7B%22tn%22%3A%22O%22%7D,before 20-sep-2019,Rizwan Asad Khan
https://web.facebook.com/theguided1/posts/10211248755055147?comment_tracking=%7B%22tn%22%3A%22O%22%7D,before 20-sep-2019,Rizwan Asad Khan
https://web.facebook.com/theguided1/posts/10211258794586129?comment_tracking=%7B%22tn%22%3A%22O%22%7D,before 20-sep-2019,Rizwan Asad Khan
https://web.facebook.com/theguided1/posts/10211257405231396?comment_tracking=%7B%22tn%22%3A%22O%22%7D,before 20-sep-2019,Rizwan Asad Khan
https://web.facebook.com/theguided1/posts/10211273778920728?comment_tracking=%7B%22tn%22%3A%22O%22%7D,before 20-sep-2019,Rizwan Asad Khan
https://web.facebook.com/theguided1/posts/10211272336804676?comment_tracking=%7B%22tn%22%3A%22O%22%7D,before 20-sep-2019,Rizwan Asad Khan
https://web.facebook.com/theguided1/posts/10211312607411416,before 20-sep-2019,Rizwan Asad Khan
https://web.facebook.com/theguided1/posts/10211312572930554,before 20-sep-2019,Rizwan Asad Khan
https://web.facebook.com/theguided1/posts/10211318969490464,before 20-sep-2019,Rizwan Asad Khan
https://web.facebook.com/theguided1/posts/10211317585775872,before 20-sep-2019,Rizwan Asad Khan
https://web.facebook.com/theguided1/posts/10211327158815192,before 20-sep-2019,Rizwan Asad Khan
https://web.facebook.com/theguided1/posts/10211326886248378,before 20-sep-2019,Rizwan Asad Khan
https://web.facebook.com/theguided1/posts/10211352768415416,before 20-sep-2019,Rizwan Asad Khan
https://web.facebook.com/theguided1/posts/10211348116299116,before 20-sep-2019,Rizwan Asad Khan
https://web.facebook.com/theguided1/posts/10211354826346863,before 20-sep-2019,Rizwan Asad Khan
https://web.facebook.com/theguided1/posts/10211359383900799,before 20-sep-2019,Rizwan Asad Khan
https://web.facebook.com/theguided1/posts/10211359013611542,before 20-sep-2019,Rizwan Asad Khan
https://web.facebook.com/theguided1/posts/10211377070142944,before 20-sep-2019,Rizwan Asad Khan
https://web.facebook.com/theguided1/posts/10211374988930915,before 20-sep-2019,Rizwan Asad Khan
https://web.facebook.com/theguided1/posts/10211383017931635,before 20-sep-2019,Rizwan Asad Khan
https://web.facebook.com/theguided1/posts/10211388392305991,before 20-sep-2019,Rizwan Asad Khan
https://web.facebook.com/theguided1/posts/10211388473108011,before 20-sep-2019,Rizwan Asad Khan
https://web.facebook.com/theguided1/posts/10211393397591120,before 20-sep-2019,Rizwan Asad Khan
https://web.facebook.com/theguided1/posts/10211397410931451,before 20-sep-2019,Rizwan Asad Khan
https://web.facebook.com/theguided1/posts/10211396163140257,before 20-sep-2019,Rizwan Asad Khan
https://web.facebook.com/abubakr.quddusi.3/posts/2470620129663963?comment_tracking=%7B%22tn%22%3A%22O%22%7D,before 20-sep-2019,Abubakr Quddusi
https://web.facebook.com/abubakr.quddusi.3/posts/2470401516352491?comment_tracking=%7B%22tn%22%3A%22O%22%7D,before 20-sep-2019,Abubakr Quddusi
https://web.facebook.com/abubakr.quddusi.3/posts/2480120535380589?comment_tracking=%7B%22tn%22%3A%22O%22%7D,before 20-sep-2019,Abubakr Quddusi
https://web.facebook.com/abubakr.quddusi.3/posts/2479426308783345?comment_tracking=%7B%22tn%22%3A%22O%22%7D,before 20-sep-2019,Abubakr Quddusi
https://web.facebook.com/abubakr.quddusi.3/posts/2481871085205534?comment_tracking=%7B%22tn%22%3A%22O%22%7D,before 20-sep-2019,Abubakr Quddusi
https://web.facebook.com/abubakr.quddusi.3/posts/2481000058625970?comment_tracking=%7B%22tn%22%3A%22O%22%7D,before 20-sep-2019,Abubakr Quddusi
https://web.facebook.com/abubakr.quddusi.3/posts/2483483465044296?comment_tracking=%7B%22tn%22%3A%22O%22%7D,before 20-sep-2019,Abubakr Quddusi
https://web.facebook.com/abubakr.quddusi.3/posts/2483401488385827?comment_tracking=%7B%22tn%22%3A%22O%22%7D,before 20-sep-2019,Abubakr Quddusi
https://www.facebook.com/abubakr.quddusi.3/posts/2484179788307997?comment_tracking=%7B%22tn%22%3A%22O%22%7D,before 20-sep-2019,Abubakr Quddusi
https://www.facebook.com/abubakr.quddusi.3/posts/2483734688352507?comment_tracking=%7B%22tn%22%3A%22O%22%7D,before 20-sep-2019,Abubakr Quddusi
https://www.facebook.com/abubakr.quddusi.3/posts/2485388871520422?comment_tracking=%7B%22tn%22%3A%22O%22%7D,before 20-sep-2019,Abubakr Quddusi
https://web.facebook.com/abubakr.quddusi.3/posts/2493592410700068?comment_tracking=%7B%22tn%22%3A%22O%22%7D,before 20-sep-2019,Abubakr Quddusi
https://web.facebook.com/abubakr.quddusi.3/posts/2492963940762915?comment_tracking=%7B%22tn%22%3A%22O%22%7D,before 20-sep-2019,Abubakr Quddusi
https://web.facebook.com/abubakr.quddusi.3/posts/2494761990583110?comment_tracking=%7B%22tn%22%3A%22O%22%7D,before 20-sep-2019,Abubakr Quddusi
https://web.facebook.com/abubakr.quddusi.3/posts/2494672177258758?comment_tracking=%7B%22tn%22%3A%22O%22%7D,before 20-sep-2019,Abubakr Quddusi
https://web.facebook.com/abubakr.quddusi.3/posts/2513051508754158?comment_tracking=%7B%22tn%22%3A%22O%22%7D,before 20-sep-2019,Abubakr Quddusi
https://web.facebook.com/abubakr.quddusi.3/posts/2511805615545414?comment_tracking=%7B%22tn%22%3A%22O%22%7D,before 20-sep-2019,Abubakr Quddusi
https://web.facebook.com/abubakr.quddusi.3/posts/2514835288575780?comment_tracking=%7B%22tn%22%3A%22O%22%7D,before 20-sep-2019,Abubakr Quddusi
https://web.facebook.com/abubakr.quddusi.3/posts/2514605235265452?comment_tracking=%7B%22tn%22%3A%22O%22%7D,before 20-sep-2019,Abubakr Quddusi
https://web.facebook.com/abubakr.quddusi.3/posts/2518446848214624?comment_tracking=%7B%22tn%22%3A%22O%22%7D,before 20-sep-2019,Abubakr Quddusi
https://web.facebook.com/abubakr.quddusi.3/posts/2518423374883638?comment_tracking=%7B%22tn%22%3A%22O%22%7D,before 20-sep-2019,Abubakr Quddusi
https://web.facebook.com/abubakr.quddusi.3/posts/2520264631366179?comment_tracking=%7B%22tn%22%3A%22O%22%7D,before 20-sep-2019,Abubakr Quddusi
https://web.facebook.com/abubakr.quddusi.3/posts/2519346528124656?comment_tracking=%7B%22tn%22%3A%22O%22%7D,before 20-sep-2019,Abubakr Quddusi
https://web.facebook.com/abubakr.quddusi.3/posts/2525728914153084?comment_tracking=%7B%22tn%22%3A%22O%22%7D,before 20-sep-2019,Abubakr Quddusi
https://web.facebook.com/abubakr.quddusi.3/posts/2524927927566516?comment_tracking=%7B%22tn%22%3A%22O%22%7D,before 20-sep-2019,Abubakr Quddusi
https://web.facebook.com/abubakr.quddusi.3/posts/2539879606071348,before 20-sep-2019,Abubakr Quddusi
https://web.facebook.com/abubakr.quddusi.3/posts/2538231079569534,before 20-sep-2019,Abubakr Quddusi
https://web.facebook.com/abubakr.quddusi.3/posts/2543923865666922,before 20-sep-2019,Abubakr Quddusi
https://web.facebook.com/abubakr.quddusi.3/posts/2542784179114224,before 20-sep-2019,Abubakr Quddusi
https://web.facebook.com/abubakr.quddusi.3/posts/2545334195525889,before 20-sep-2019,Abubakr Quddusi
https://web.facebook.com/abubakr.quddusi.3/posts/2544635908929051,before 20-sep-2019,Abubakr Quddusi
https://web.facebook.com/abubakr.quddusi.3/posts/2553316254727683,before 20-sep-2019,Abubakr Quddusi
https://web.facebook.com/abubakr.quddusi.3/posts/2552692834790025,before 20-sep-2019,Abubakr Quddusi
https://web.facebook.com/abubakr.quddusi.3/posts/2556134291112546,before 20-sep-2019,Abubakr Quddusi
https://web.facebook.com/abubakr.quddusi.3/posts/2558067650919210,before 20-sep-2019,Abubakr Quddusi
https://web.facebook.com/abubakr.quddusi.3/posts/2557194507673191,before 20-sep-2019,Abubakr Quddusi
https://web.facebook.com/abubakr.quddusi.3/posts/2563342393725069,before 20-sep-2019,Abubakr Quddusi
https://web.facebook.com/abubakr.quddusi.3/posts/2562660447126597,before 20-sep-2019,Abubakr Quddusi
https://web.facebook.com/abubakr.quddusi.3/posts/2563551070370868,before 20-sep-2019,Abubakr Quddusi
https://web.facebook.com/abubakr.quddusi.3/posts/2564517296940912,before 20-sep-2019,Abubakr Quddusi
https://web.facebook.com/abubakr.quddusi.3/posts/2564315946961047,before 20-sep-2019,Abubakr Quddusi
https://web.facebook.com/abubakr.quddusi.3/posts/2566328776759764,before 20-sep-2019,Abubakr Quddusi
https://web.facebook.com/abubakr.quddusi.3/posts/2566221483437160,before 20-sep-2019,Abubakr Quddusi
https://web.facebook.com/abubakr.quddusi.3/posts/2568619859863989,before 20-sep-2019,Abubakr Quddusi
https://web.facebook.com/abubakr.quddusi.3/posts/2568154366577205,before 20-sep-2019,Abubakr Quddusi
https://web.facebook.com/mohammaddin.jauhar.7/posts/913604859031501?comment_tracking=%7B%22tn%22%3A%22O%22%7D,before 20-sep-2019,Mohammad Din Jauhar
https://web.facebook.com/mohammaddin.jauhar.7/posts/906166549775332?comment_tracking=%7B%22tn%22%3A%22O%22%7D,before 20-sep-2019,Mohammad Din Jauhar
https://www.facebook.com/mohammaddin.jauhar.7/posts/913604859031501?comment_tracking=%7B%22tn%22%3A%22O%22%7D,before 20-sep-2019,Mohammad Din Jauhar
https://www.facebook.com/mohammaddin.jauhar.7/posts/906166549775332?comment_tracking=%7B%22tn%22%3A%22O%22%7D,before 20-sep-2019,Mohammad Din Jauhar
https://web.facebook.com/mohammaddin.jauhar.7/posts/944419595950027?comment_tracking=%7B%22tn%22%3A%22O%22%7D,before 20-sep-2019,Mohammad Din Jauhar
https://web.facebook.com/mohammaddin.jauhar.7/posts/944419165950070?comment_tracking=%7B%22tn%22%3A%22O%22%7D,before 20-sep-2019,Mohammad Din Jauhar
https://web.facebook.com/mohammaddin.jauhar.7/posts/951751755216811?comment_tracking=%7B%22tn%22%3A%22O%22%7D,before 20-sep-2019,Mohammad Din Jauhar
https://web.facebook.com/mohammaddin.jauhar.7/posts/951749811883672?comment_tracking=%7B%22tn%22%3A%22O%22%7D,before 20-sep-2019,Mohammad Din Jauhar
https://web.facebook.com/mohammaddin.jauhar.7/posts/953111221747531?comment_tracking=%7B%22tn%22%3A%22O%22%7D,before 20-sep-2019,Mohammad Din Jauhar
https://web.facebook.com/mohammaddin.jauhar.7/posts/962211044170882,before 20-sep-2019,Mohammad Din Jauhar
https://web.facebook.com/mohammaddin.jauhar.7/posts/958256147899705,before 20-sep-2019,Mohammad Din Jauhar
https://web.facebook.com/mohammaddin.jauhar.7/posts/966329990425654,before 20-sep-2019,Mohammad Din Jauhar
https://web.facebook.com/Riayat.Farooqui/posts/2590048771019102?comment_tracking=%7B%22tn%22%3A%22O%22%7D,before 20-sep-2019,Riayatullah Farooqui
https://web.facebook.com/Riayat.Farooqui/posts/2598695516821094?comment_tracking=%7B%22tn%22%3A%22O%22%7D,before 20-sep-2019,Riayatullah Farooqui
https://web.facebook.com/Riayat.Farooqui/posts/2598283840195595?comment_tracking=%7B%22tn%22%3A%22O%22%7D,before 20-sep-2019,Riayatullah Farooqui
https://web.facebook.com/Riayat.Farooqui/posts/2601731806517465?comment_tracking=%7B%22tn%22%3A%22O%22%7D,before 20-sep-2019,Riayatullah Farooqui
https://web.facebook.com/Riayat.Farooqui/posts/2601911386499507?comment_tracking=%7B%22tn%22%3A%22O%22%7D,before 20-sep-2019,Riayatullah Farooqui
https://web.facebook.com/Riayat.Farooqui/posts/2602474963109816?comment_tracking=%7B%22tn%22%3A%22O%22%7D,before 20-sep-2019,Riayatullah Farooqui
https://web.facebook.com/Riayat.Farooqui/posts/2602386963118616?comment_tracking=%7B%22tn%22%3A%22O%22%7D,before 20-sep-2019,Riayatullah Farooqui
https://www.facebook.com/Riayat.Farooqui/posts/2604172032940109?comment_tracking=%7B%22tn%22%3A%22O%22%7D,before 20-sep-2019,Riayatullah Farooqui
https://www.facebook.com/Riayat.Farooqui/posts/2603944066296239?comment_tracking=%7B%22tn%22%3A%22O%22%7D,before 20-sep-2019,Riayatullah Farooqui
https://web.facebook.com/Riayat.Farooqui/posts/2613029865387659?comment_tracking=%7B%22tn%22%3A%22O%22%7D,before 20-sep-2019,Riayatullah Farooqui
https://web.facebook.com/Riayat.Farooqui/posts/2612153578808621?comment_tracking=%7B%22tn%22%3A%22O%22%7D,before 20-sep-2019,Riayatullah Farooqui
https://web.facebook.com/Riayat.Farooqui/posts/2615764615114184?comment_tracking=%7B%22tn%22%3A%22O%22%7D,before 20-sep-2019,Riayatullah Farooqui
https://web.facebook.com/Riayat.Farooqui/posts/2614578608566118?comment_tracking=%7B%22tn%22%3A%22O%22%7D,before 20-sep-2019,Riayatullah Farooqui
https://web.facebook.com/Riayat.Farooqui/posts/2633451820012130?comment_tracking=%7B%22tn%22%3A%22O%22%7D,before 20-sep-2019,Riayatullah Farooqui
https://web.facebook.com/Riayat.Farooqui/posts/2633381626685816?comment_tracking=%7B%22tn%22%3A%22O%22%7D,before 20-sep-2019,Riayatullah Farooqui
https://web.facebook.com/Riayat.Farooqui/posts/2636394096384569?comment_tracking=%7B%22tn%22%3A%22O%22%7D,before 20-sep-2019,Riayatullah Farooqui
https://web.facebook.com/Riayat.Farooqui/posts/2636169239740388?comment_tracking=%7B%22tn%22%3A%22O%22%7D,before 20-sep-2019,Riayatullah Farooqui
https://web.facebook.com/Riayat.Farooqui/posts/2640985519258760?comment_tracking=%7B%22tn%22%3A%22O%22%7D,before 20-sep-2019,Riayatullah Farooqui
https://web.facebook.com/Riayat.Farooqui/posts/2639758989381413?comment_tracking=%7B%22tn%22%3A%22O%22%7D,before 20-sep-2019,Riayatullah Farooqui
https://web.facebook.com/Riayat.Farooqui/posts/2645589652131680?comment_tracking=%7B%22tn%22%3A%22O%22%7D,before 20-sep-2019,Riayatullah Farooqui
https://web.facebook.com/Riayat.Farooqui/posts/2645031818854130?comment_tracking=%7B%22tn%22%3A%22O%22%7D,before 20-sep-2019,Riayatullah Farooqui
https://web.facebook.com/Riayat.Farooqui/posts/2660621160628529,before 20-sep-2019,Riayatullah Farooqui
https://web.facebook.com/Riayat.Farooqui/posts/2664098260280819,before 20-sep-2019,Riayatullah Farooqui
https://web.facebook.com/Riayat.Farooqui/posts/2665458773478101,before 20-sep-2019,Riayatullah Farooqui
https://web.facebook.com/Riayat.Farooqui/posts/2675154389175206,before 20-sep-2019,Riayatullah Farooqui
https://web.facebook.com/Riayat.Farooqui/posts/2675088965848415,before 20-sep-2019,Riayatullah Farooqui
https://web.facebook.com/Riayat.Farooqui/posts/2678341195523192,before 20-sep-2019,Riayatullah Farooqui
https://web.facebook.com/Riayat.Farooqui/posts/2676763089014336,before 20-sep-2019,Riayatullah Farooqui
https://web.facebook.com/Riayat.Farooqui/posts/2679002385457073,before 20-sep-2019,Riayatullah Farooqui
https://web.facebook.com/Riayat.Farooqui/posts/2678687305488581,before 20-sep-2019,Riayatullah Farooqui
https://web.facebook.com/Riayat.Farooqui/posts/2691963770827601,before 20-sep-2019,Riayatullah Farooqui
https://web.facebook.com/Riayat.Farooqui/posts/2691754040848574,before 20-sep-2019,Riayatullah Farooqui
https://web.facebook.com/asim.allahbakhsh/posts/2306356229401044?comment_tracking=%7B%22tn%22%3A%22O%22%7D,before 20-sep-2019,Asim AllahBakhsh
https://web.facebook.com/asim.allahbakhsh/posts/2301703353199665?comment_tracking=%7B%22tn%22%3A%22O%22%7D,before 20-sep-2019,Asim AllahBakhsh
https://web.facebook.com/asim.allahbakhsh/posts/2321146961255304?comment_tracking=%7B%22tn%22%3A%22O%22%7D,before 20-sep-2019,Asim AllahBakhsh
https://web.facebook.com/asim.allahbakhsh/posts/2323276604375673?comment_tracking=%7B%22tn%22%3A%22O%22%7D,before 20-sep-2019,Asim AllahBakhsh
https://www.facebook.com/asim.allahbakhsh/posts/2324920960877904?comment_tracking=%7B%22tn%22%3A%22O%22%7D,before 20-sep-2019,Asim AllahBakhsh
https://www.facebook.com/asim.allahbakhsh/posts/2323276604375673?comment_tracking=%7B%22tn%22%3A%22O%22%7D,before 20-sep-2019,Asim AllahBakhsh
https://web.facebook.com/asim.allahbakhsh/posts/2333575213345812?comment_tracking=%7B%22tn%22%3A%22O%22%7D,before 20-sep-2019,Asim AllahBakhsh
https://web.facebook.com/asim.allahbakhsh/posts/2331081940261806?comment_tracking=%7B%22tn%22%3A%22O%22%7D,before 20-sep-2019,Asim AllahBakhsh
https://web.facebook.com/asim.allahbakhsh/posts/2337027813000552?comment_tracking=%7B%22tn%22%3A%22O%22%7D,before 20-sep-2019,Asim AllahBakhsh
https://web.facebook.com/asim.allahbakhsh/posts/2355315604505106?comment_tracking=%7B%22tn%22%3A%22O%22%7D,before 20-sep-2019,Asim AllahBakhsh
https://web.facebook.com/asim.allahbakhsh/posts/2366761810027152?comment_tracking=%7B%22tn%22%3A%22O%22%7D,before 20-sep-2019,Asim AllahBakhsh
https://web.facebook.com/asim.allahbakhsh/posts/2379377128765620,before 20-sep-2019,Asim AllahBakhsh
https://web.facebook.com/asim.allahbakhsh/posts/2375427839160549,before 20-sep-2019,Asim AllahBakhsh
https://web.facebook.com/asim.allahbakhsh/posts/2386339158069417,before 20-sep-2019,Asim AllahBakhsh
https://web.facebook.com/asim.allahbakhsh/posts/2389691884400811,before 20-sep-2019,Asim AllahBakhsh
https://web.facebook.com/asim.allahbakhsh/posts/2389346334435366,before 20-sep-2019,Asim AllahBakhsh
https://web.facebook.com/asim.allahbakhsh/posts/2406543986048934,before 20-sep-2019,Asim AllahBakhsh
https://web.facebook.com/sohaib.naseem.3/posts/2137828663011996?comment_tracking=%7B%22tn%22%3A%22O%22%7D,before 20-sep-2019,Sohaib naseem
https://web.facebook.com/sohaib.naseem.3/posts/2142139205914275?comment_tracking=%7B%22tn%22%3A%22O%22%7D,before 20-sep-2019,Sohaib naseem
https://web.facebook.com/sohaib.naseem.3/posts/2141859179275611?comment_tracking=%7B%22tn%22%3A%22O%22%7D,before 20-sep-2019,Sohaib naseem
https://web.facebook.com/sohaib.naseem.3/posts/2150296291765233?comment_tracking=%7B%22tn%22%3A%22O%22%7D,before 20-sep-2019,Sohaib naseem
https://www.facebook.com/sohaib.naseem.3/posts/2151076341687228?comment_tracking=%7B%22tn%22%3A%22O%22%7D,before 20-sep-2019,Sohaib naseem
https://www.facebook.com/sohaib.naseem.3/posts/2150296291765233?comment_tracking=%7B%22tn%22%3A%22O%22%7D,before 20-sep-2019,Sohaib naseem
https://web.facebook.com/sohaib.naseem.3/posts/2161254300669432?comment_tracking=%7B%22tn%22%3A%22O%22%7D,before 20-sep-2019,Sohaib naseem
https://web.facebook.com/sohaib.naseem.3/posts/2178309215630607?comment_tracking=%7B%22tn%22%3A%22O%22%7D,before 20-sep-2019,Sohaib naseem
https://web.facebook.com/sohaib.naseem.3/posts/2180638218731040?comment_tracking=%7B%22tn%22%3A%22O%22%7D,before 20-sep-2019,Sohaib naseem
https://web.facebook.com/sohaib.naseem.3/posts/2180595442068651?comment_tracking=%7B%22tn%22%3A%22O%22%7D,before 20-sep-2019,Sohaib naseem
https://web.facebook.com/sohaib.naseem.3/posts/2185051251623070?comment_tracking=%7B%22tn%22%3A%22O%22%7D,before 20-sep-2019,Sohaib naseem
https://web.facebook.com/sohaib.naseem.3/posts/2192048227590039?comment_tracking=%7B%22tn%22%3A%22O%22%7D,before 20-sep-2019,Sohaib naseem
https://web.facebook.com/sohaib.naseem.3/posts/2204038963057632,before 20-sep-2019,Sohaib naseem
https://web.facebook.com/sohaib.naseem.3/posts/2209875402473988,before 20-sep-2019,Sohaib naseem
https://web.facebook.com/sohaib.naseem.3/posts/2207602546034607,before 20-sep-2019,Sohaib naseem
https://web.facebook.com/sohaib.naseem.3/posts/2220493504745511,before 20-sep-2019,Sohaib naseem
https://web.facebook.com/sohaib.naseem.3/posts/2218383334956528,before 20-sep-2019,Sohaib naseem
https://web.facebook.com/sohaib.naseem.3/posts/2224051277723067,before 20-sep-2019,Sohaib naseem
https://web.facebook.com/sohaib.naseem.3/posts/2225646104230251,before 20-sep-2019,Sohaib naseem
https://web.facebook.com/sohaib.naseem.3/posts/2235523419909186,before 20-sep-2019,Sohaib naseem
https://web.facebook.com/idreesazaad/posts/10215183237161154?comment_tracking=%7B%22tn%22%3A%22O%22%7D,before 20-sep-2019,Idrees Aazad
https://web.facebook.com/idreesazaad/posts/10215180356089129?comment_tracking=%7B%22tn%22%3A%22O%22%7D,before 20-sep-2019,Idrees Aazad
https://web.facebook.com/idreesazaad/posts/10215204898462673?comment_tracking=%7B%22tn%22%3A%22O%22%7D,before 20-sep-2019,Idrees Aazad
https://web.facebook.com/idreesazaad/posts/10215223723253281?comment_tracking=%7B%22tn%22%3A%22O%22%7D,before 20-sep-2019,Idrees Aazad
https://www.facebook.com/idreesazaad/posts/10215236480612207?comment_tracking=%7B%22tn%22%3A%22O%22%7D,before 20-sep-2019,Idrees Aazad
https://web.facebook.com/idreesazaad/posts/10215269685682313?comment_tracking=%7B%22tn%22%3A%22O%22%7D,before 20-sep-2019,Idrees Aazad
https://web.facebook.com/idreesazaad/posts/10215269365514309?comment_tracking=%7B%22tn%22%3A%22O%22%7D,before 20-sep-2019,Idrees Aazad
https://web.facebook.com/idreesazaad/posts/10215283360504175?comment_tracking=%7B%22tn%22%3A%22O%22%7D,before 20-sep-2019,Idrees Aazad
https://web.facebook.com/idreesazaad/posts/10215334363339214?comment_tracking=%7B%22tn%22%3A%22O%22%7D,before 20-sep-2019,Idrees Aazad
https://web.facebook.com/idreesazaad/posts/10215354276717036?comment_tracking=%7B%22tn%22%3A%22O%22%7D,before 20-sep-2019,Idrees Aazad
https://web.facebook.com/idreesazaad/posts/10215369820225614?comment_tracking=%7B%22tn%22%3A%22O%22%7D,before 20-sep-2019,Idrees Aazad
https://web.facebook.com/idreesazaad/posts/10215369629700851?comment_tracking=%7B%22tn%22%3A%22O%22%7D,before 20-sep-2019,Idrees Aazad
https://web.facebook.com/idreesazaad/posts/10215447642691127,before 20-sep-2019,Idrees Aazad
https://web.facebook.com/idreesazaad/posts/10215447625050686,before 20-sep-2019,Idrees Aazad
https://web.facebook.com/idreesazaad/posts/10215472644116147,before 20-sep-2019,Idrees Aazad
https://web.facebook.com/idreesazaad/posts/10215471849336278,before 20-sep-2019,Idrees Aazad
https://web.facebook.com/idreesazaad/posts/10215480241386074,before 20-sep-2019,Idrees Aazad
https://web.facebook.com/idreesazaad/posts/10215480225305672,before 20-sep-2019,Idrees Aazad
https://web.facebook.com/idreesazaad/posts/10215510520303028,before 20-sep-2019,Idrees Aazad
https://web.facebook.com/idreesazaad/posts/10215509056066423,before 20-sep-2019,Idrees Aazad
https://web.facebook.com/idreesazaad/posts/10215529877266940,before 20-sep-2019,Idrees Aazad
https://web.facebook.com/idreesazaad/posts/10215529872906831,before 20-sep-2019,Idrees Aazad
https://web.facebook.com/idreesazaad/posts/10215575508407690,before 20-sep-2019,Idrees Aazad
https://web.facebook.com/idreesazaad/posts/10215574867391665,before 20-sep-2019,Idrees Aazad
https://www.facebook.com/Abu.Musab.98622733/posts/10213938652678785?comment_tracking=%7B%22tn%22%3A%22O%22%7D,before 20-sep-2019,Abu muhammad musab
https://www.facebook.com/Abu.Musab.98622733/posts/10213938001062495?comment_tracking=%7B%22tn%22%3A%22O%22%7D,before 20-sep-2019,Abu muhammad musab
https://www.facebook.com/Abu.Musab.98622733/posts/10213939781186997?comment_tracking=%7B%22tn%22%3A%22O%22%7D,before 20-sep-2019,Abu muhammad musab
https://web.facebook.com/Abu.Musab.98622733/posts/10213967908130153?comment_tracking=%7B%22tn%22%3A%22O%22%7D,before 20-sep-2019,Abu muhammad musab
https://web.facebook.com/Abu.Musab.98622733/posts/10213978828843164?comment_tracking=%7B%22tn%22%3A%22O%22%7D,before 20-sep-2019,Abu muhammad musab
https://web.facebook.com/Abu.Musab.98622733/posts/10213974724180550?comment_tracking=%7B%22tn%22%3A%22O%22%7D,before 20-sep-2019,Abu muhammad musab
https://web.facebook.com/Abu.Musab.98622733/posts/10214042408112606?comment_tracking=%7B%22tn%22%3A%22O%22%7D,before 20-sep-2019,Abu muhammad musab
https://web.facebook.com/Abu.Musab.98622733/posts/10214048256178804?comment_tracking=%7B%22tn%22%3A%22O%22%7D,before 20-sep-2019,Abu muhammad musab
https://web.facebook.com/Abu.Musab.98622733/posts/10214064981436925?comment_tracking=%7B%22tn%22%3A%22O%22%7D,before 20-sep-2019,Abu muhammad musab
https://web.facebook.com/Abu.Musab.98622733/posts/10214069849958635?comment_tracking=%7B%22tn%22%3A%22O%22%7D,before 20-sep-2019,Abu muhammad musab
https://web.facebook.com/Abu.Musab.98622733/posts/10214092651368656?comment_tracking=%7B%22tn%22%3A%22O%22%7D,before 20-sep-2019,Abu muhammad musab
https://web.facebook.com/Abu.Musab.98622733/posts/10214092587487059?comment_tracking=%7B%22tn%22%3A%22O%22%7D,before 20-sep-2019,Abu muhammad musab
https://web.facebook.com/Abu.Musab.98622733/posts/10214145622612904,before 20-sep-2019,Abu muhammad musab
https://web.facebook.com/Abu.Musab.98622733/posts/10214158882984405,before 20-sep-2019,Abu muhammad musab
https://web.facebook.com/Abu.Musab.98622733/posts/10214163052808648,before 20-sep-2019,Abu muhammad musab
https://web.facebook.com/Abu.Musab.98622733/posts/10214198691979605,before 20-sep-2019,Abu muhammad musab
https://web.facebook.com/Abu.Musab.98622733/posts/10214194704079910,before 20-sep-2019,Abu muhammad musab
https://web.facebook.com/Abu.Musab.98622733/posts/10214191861648851,before 20-sep-2019,Abu muhammad musab
https://web.facebook.com/Abu.Musab.98622733/posts/10214191491359594,before 20-sep-2019,Abu muhammad musab
https://web.facebook.com/Abu.Musab.98622733/posts/10214191181231841,before 20-sep-2019,Abu muhammad musab
https://web.facebook.com/Abu.Musab.98622733/posts/10214204576686719,before 20-sep-2019,Abu muhammad musab
https://web.facebook.com/Abu.Musab.98622733/posts/10214204544205907,before 20-sep-2019,Abu muhammad musab
https://web.facebook.com/Abu.Musab.98622733/posts/10214206834983175,before 20-sep-2019,Abu muhammad musab
https://web.facebook.com/Abu.Musab.98622733/posts/10214227760626303,before 20-sep-2019,Abu muhammad musab
https://web.facebook.com/Abu.Musab.98622733/posts/10214224797312222,before 20-sep-2019,Abu muhammad musab
https://web.facebook.com/Abu.Musab.98622733/posts/10214232437343218,before 20-sep-2019,Abu muhammad musab
https://web.facebook.com/Abu.Musab.98622733/posts/10214232022532848,before 20-sep-2019,Abu muhammad musab
https://web.facebook.com/Abu.Musab.98622733/posts/10214231369476522,before 20-sep-2019,Abu muhammad musab
https://web.facebook.com/Abu.Musab.98622733/posts/10214232690229540,before 20-sep-2019,Abu muhammad musab
https://web.facebook.com/Abu.Musab.98622733/posts/10214240802832350,before 20-sep-2019,Abu muhammad musab
https://web.facebook.com/Abu.Musab.98622733/posts/10214240423502867,before 20-sep-2019,Abu muhammad musab
https://web.facebook.com/Abu.Musab.98622733/posts/10214243672384087,before 20-sep-2019,Abu muhammad musab
https://web.facebook.com/Abu.Musab.98622733/posts/10214243438218233,before 20-sep-2019,Abu muhammad musab
https://web.facebook.com/Abu.Musab.98622733/posts/10214247447878472,before 20-sep-2019,Abu muhammad musab
https://web.facebook.com/Abu.Musab.98622733/posts/10214246960626291,before 20-sep-2019,Abu muhammad musab
https://web.facebook.com/hassaan.khalid.98/posts/2550076688378096,before 20-sep-2019,hassan khanlid
https://web.facebook.com/mohammad.saleem.568847/posts/2287876121323272,before 20-sep-2019,mohammad.saleem
https://web.facebook.com/mohammad.saleem.568847/posts/2285316358245915,before 20-sep-2019,mohammad.saleem
https://web.facebook.com/mohammad.saleem.568847/posts/2312622048848679,before 20-sep-2019,mohammad.saleem
